CleanReportName,ReportName,pdf_name,profit_score,revenue_score,forecast_score,polarity,report,profit_manual,revenue_manual,forecast_manual,total_manual
FINAL-Q1-11-Shareholder-Letter,Q1-11-Letter-to-shareholders,Q1-11-Letter-to-shareholders,0.865568713,0.410167206,0.075900139,0.508211848,FINAL-Q1-11-Shareholder-Letter,-0.384615385,-0.411764706,0.272727273,-0.214285714
FINAL-Q1-12-Shareholder-Letter,Investor-Letter-Q1-2012,Investor-Letter-Q1-2012,0.278167389,0.17177235,0.063439578,0.06077998,FINAL-Q1-12-Shareholder-Letter,0.384615385,0.058823529,0.090909091,0.357142857
FINAL-Q1-13-Shareholder-Letter,Investor_Letter_Q12013,Investor_Letter_Q12013,-0.025809743,0.336027358,0.065712851,0.031860873,FINAL-Q1-13-Shareholder-Letter,-0.538461538,-0.176470588,0.272727273,-0.142857143
FINAL-Q1-14-Shareholder-Letter,Q114-Earnings-Letter-4.21.14-final,Q114-Earnings-Letter-4,0.316792834,0.491190334,0.361892688,0.376399854,FINAL-Q1-14-Shareholder-Letter,-0.538461538,-0.411764706,0.090909091,-0.357142857
FINAL-Q1-15-Shareholder-Letter,Q1_15_Earnings_Letter_final_tables,Q1_15_Earnings_Letter_final_tables,0.74100841,0.479479807,0.486601505,0.600361985,FINAL-Q1-15-Shareholder-Letter,-0.692307692,-0.529411765,0.818181818,-0.214285714
FINAL-Q1-16-Shareholder-Letter,Q116LettertoShareholders_W_TABLES_,Q116LettertoShareholders_W_TABLES_,0.409733095,0.608414954,0.008507927,0.413622157,FINAL-Q1-16-Shareholder-Letter,-0.692307692,-0.294117647,0.454545455,-0.214285714
FINAL-Q1-17-Shareholder-Letter,Q117ShareholderLetterV2FINAL,Q117ShareholderLetterV2FINAL,0.862506334,0.801050728,0.957871337,1,FINAL-Q1-17-Shareholder-Letter,-0.846153846,0.058823529,0.272727273,-0.142857143
FINAL-Q1-18-Shareholder-Letter,FINAL-Q1-18-Shareholder-Letter,FINAL-Q1-18-Shareholder-Letter,0.673438656,0.705987799,0.497838993,0.729026953,FINAL-Q1-18-Shareholder-Letter,-0.846153846,-0.058823529,0.636363636,-0.071428571
FINAL-Q1-19-Shareholder-Letter,FINAL-Q1-19-Shareholder-Letter,FINAL-Q1-19-Shareholder-Letter,0.673438656,0.547300759,0.088179648,0.515865411,FINAL-Q1-19-Shareholder-Letter,-0.846153846,-0.058823529,0.454545455,-0.142857143
FINAL-Q1-20-Shareholder-Letter,FINAL-Q1-20-Shareholder-Letter,FINAL-Q1-20-Shareholder-Letter,0.6248763,0.343402745,-0.299933945,0.253593939,FINAL-Q1-20-Shareholder-Letter,-0.692307692,-1,-0.454545455,-1
FINAL-Q1-21-Shareholder-Letter,FINAL-Q1-21-Shareholder-Letter,FINAL-Q1-21-Shareholder-Letter,0.768093217,0.660180009,-0.259954574,0.552186013,FINAL-Q1-21-Shareholder-Letter,-0.692307692,-0.176470588,0.636363636,-0.071428571
FINAL-Q1-22-Shareholder-Letter,FINAL-Q1-22-Shareholder-Letter,FINAL-Q1-22-Shareholder-Letter,0.677372724,0.907475515,-0.307305783,0.669703926,FINAL-Q1-22-Shareholder-Letter,-0.692307692,-0.294117647,-0.636363636,-0.642857143
FINAL-Q1-23-Shareholder-Letter,Final-Q1-23-Shareholder-Letter,Final-Q1-23-Shareholder-Letter,0.118188545,-0.859590973,-1,-1,FINAL-Q1-23-Shareholder-Letter,-0.076923077,0.764705882,0.090909091,0.571428571
FINAL-Q2-11-Shareholder-Letter,July-Investor-Letter-1130am,July-Investor-Letter-1130am,0.132765049,0.353354679,0.242928255,0.163405827,FINAL-Q2-11-Shareholder-Letter,-0.692307692,-0.529411765,-0.090909091,-0.571428571
FINAL-Q2-12-Shareholder-Letter,Investor-Letter-Q2-2012-07.24.12,Investor-Letter-Q2-2012-07,0.429063709,0.13572568,-0.106067087,0.064677223,FINAL-Q2-12-Shareholder-Letter,1,-0.058823529,-0.272727273,0.428571429
FINAL-Q2-13-Shareholder-Letter,Q213-Investor-Letter,Q213-Investor-Letter,0.76253301,0.728592493,0.422366087,0.768074915,FINAL-Q2-13-Shareholder-Letter,-0.692307692,-0.411764706,0.090909091,-0.428571429
FINAL-Q2-14-Shareholder-Letter,July2014EarningsLetter_7.21.14_final,July2014EarningsLetter_7,0.211114414,0.480652868,0.071416502,0.2462776,FINAL-Q2-14-Shareholder-Letter,-0.538461538,-0.411764706,0.090909091,-0.357142857
FINAL-Q2-15-Shareholder-Letter,FINAL_Q2_15_Letter_to_Shareholders_With_Tables_,FINAL_Q2_15_Letter_to_Shareholders_With_Tables_,0.771264539,0.736494002,0.89429889,0.895883673,FINAL-Q2-15-Shareholder-Letter,-0.692307692,-0.294117647,0.272727273,-0.285714286
FINAL-Q2-16-Shareholder-Letter,Q216LettertoShareholders_FINAL_w_Tables,Q216LettertoShareholders_FINAL_w_Tables,0.513023369,0.681671519,0.000654062,0.511622688,FINAL-Q2-16-Shareholder-Letter,-0.692307692,-0.411764706,-1,-0.857142857
FINAL-Q2-17-Shareholder-Letter,Q2_17_Shareholder_Letter,Q2_17_Shareholder_Letter,0.97162089,0.694500818,0.226298643,0.794241987,FINAL-Q2-17-Shareholder-Letter,-0.384615385,-0.294117647,0.272727273,-0.142857143
FINAL-Q2-18-Shareholder-Letter,FINAL-Q2-18-Shareholder-Letter,FINAL-Q2-18-Shareholder-Letter,0.673438656,0.522133428,-0.560214751,0.335975121,FINAL-Q2-18-Shareholder-Letter,-0.846153846,-0.294117647,-0.090909091,-0.5
FINAL-Q2-19-Shareholder-Letter,Q2-19-Shareholder-Letter-FINAL,Q2-19-Shareholder-Letter-FINAL,0.673438656,0.679235526,-0.698368683,0.410865141,FINAL-Q2-19-Shareholder-Letter,-0.846153846,-0.294117647,0.636363636,-0.214285714
FINAL-Q2-20-Shareholder-Letter,FINAL-Q2-20-Shareholder-Letter-V3-with-Tables,FINAL-Q2-20-Shareholder-Letter-V3-with-Tables,0.673438656,0.506621012,0.347157953,0.552361821,FINAL-Q2-20-Shareholder-Letter,-0.846153846,-0.294117647,0.454545455,-0.285714286
FINAL-Q2-21-Shareholder-Letter,FINAL-Q2-21-Shareholder-Letter,FINAL-Q2-21-Shareholder-Letter,0.651996934,0.769259595,-0.498783405,0.513421674,FINAL-Q2-21-Shareholder-Letter,-0.384615385,0.176470588,1,0.428571429
FINAL-Q2-22-Shareholder-Letter,FINAL-Q2-22-Shareholder-Letter,FINAL-Q2-22-Shareholder-Letter,0.837812641,0.395771021,-0.408018593,0.363866362,FINAL-Q2-22-Shareholder-Letter,-0.384615385,0.529411765,0.272727273,0.357142857
FINAL-Q2-23-Shareholder-Letter,FINAL-Q2-23-Shareholder-Letter,FINAL-Q2-23-Shareholder-Letter,0.297176382,-1,-0.3115374,-0.840701151,FINAL-Q2-23-Shareholder-Letter,-0.692307692,0.176470588,0.636363636,0.142857143
FINAL-Q3-11-Shareholder-Letter,Investor-Letter-Q3-2011,Investor-Letter-Q3-2011,-1,-0.16075752,0.242536893,-0.731417565,FINAL-Q3-11-Shareholder-Letter,-1,-0.411764706,0.272727273,-0.5
FINAL-Q3-12-Shareholder-Letter,Investor-Letter-Q3-2012-10.23.12,Investor-Letter-Q3-2012-10,0.565440888,0.354110375,0.602222255,0.458799856,FINAL-Q3-12-Shareholder-Letter,-0.230769231,-0.529411765,0.272727273,-0.214285714
FINAL-Q3-13-Shareholder-Letter,Q313-Earnings-Letter-10.21.13-10.30am,Q313-Earnings-Letter-10,0.118130257,0.418503219,0.24265597,0.201808165,FINAL-Q3-13-Shareholder-Letter,-0.692307692,-0.411764706,0.090909091,-0.428571429
FINAL-Q3-14-Shareholder-Letter,Q3_14_Letter_to_shareholders,Q3_14_Letter_to_shareholders,0.584386859,0.699604587,1,0.808142139,FINAL-Q3-14-Shareholder-Letter,-0.538461538,-0.058823529,0.272727273,-0.071428571
FINAL-Q3-15-Shareholder-Letter,FINAL_Q3_15_Letter_to_Shareholders_With_Tables_,FINAL_Q3_15_Letter_to_Shareholders_With_Tables_,0.581622646,0.608034299,0.658692369,0.657558913,FINAL-Q3-15-Shareholder-Letter,-0.846153846,-0.529411765,0.090909091,-0.571428571
FINAL-Q3-16-Shareholder-Letter,FINAL_Q3_Letter,FINAL_Q3_Letter,0.954116829,0.640087131,0.476665938,0.810721825,FINAL-Q3-16-Shareholder-Letter,-0.538461538,0.058823529,0.636363636,0.142857143
FINAL-Q3-17-Shareholder-Letter,Q3_17_Shareholder_Letter_COMBINED,Q3_17_Shareholder_Letter_COMBINED,0.723504467,0.73663478,0.693356039,0.82304979,FINAL-Q3-17-Shareholder-Letter,-0.384615385,-0.058823529,0.454545455,0.071428571
FINAL-Q3-18-Shareholder-Letter,FINAL-Q3-18-Shareholder-Letter,FINAL-Q3-18-Shareholder-Letter,0.693518832,0.687933706,0.423830458,0.707423728,FINAL-Q3-18-Shareholder-Letter,-0.692307692,-0.176470588,0.636363636,-0.071428571
FINAL-Q3-19-Shareholder-Letter,FINAL-Q3-19-Shareholder-Letter,FINAL-Q3-19-Shareholder-Letter,0.580469339,1,0.191466609,0.813179809,FINAL-Q3-19-Shareholder-Letter,-0.846153846,0.294117647,0.636363636,0.142857143
FINAL-Q3-20-Shareholder-Letter,FINAL-Q3-20-Shareholder-Letter,FINAL-Q3-20-Shareholder-Letter,0.659499378,0.613143707,-0.257231249,0.468661775,FINAL-Q3-20-Shareholder-Letter,-0.538461538,-0.294117647,0.636363636,-0.071428571
FINAL-Q3-21-Shareholder-Letter,FINAL-Q3-21-Shareholder-Letter,FINAL-Q3-21-Shareholder-Letter,0.673438656,0.547706979,0.412818651,0.597434878,FINAL-Q3-21-Shareholder-Letter,-0.846153846,-0.294117647,1,-0.071428571
FINAL-Q3-22-Shareholder-Letter,FINAL-Q3-22-Shareholder-Letter,FINAL-Q3-22-Shareholder-Letter,0.513855963,-0.149417912,-0.747529192,-0.254495983,FINAL-Q3-22-Shareholder-Letter,-0.230769231,0.529411765,0.818181818,0.642857143
FINAL-Q4-11-Shareholder-Letter,Investor-Letter-Q4-2011,Investor-Letter-Q4-2011,0.104896578,-0.156242013,0.421664927,-0.160169303,FINAL-Q4-11-Shareholder-Letter,-0.230769231,-0.294117647,0.454545455,0
FINAL-Q4-12-Shareholder-Letter,Investor-Letter-Q42012-01.23.13,Investor-Letter-Q42012-01,-0.304195876,-0.135040589,0.064190531,-0.42863763,FINAL-Q4-12-Shareholder-Letter,-0.076923077,-0.058823529,0.454545455,0.214285714
FINAL-Q4-13-Shareholder-Letter,Q4-13-Letter-to-shareholders,Q4-13-Letter-to-shareholders,0.686773328,0.368733962,0.058280423,0.39025303,FINAL-Q4-13-Shareholder-Letter,-0.230769231,-0.411764706,0.272727273,-0.142857143
FINAL-Q4-14-Shareholder-Letter,Q4_14_Letter_to_shareholders,Q4_14_Letter_to_shareholders,0.903723143,0.423704029,0.03574665,0.525660369,FINAL-Q4-14-Shareholder-Letter,-0.384615385,-0.411764706,-0.090909091,-0.357142857
FINAL-Q4-15-Shareholder-Letter,Q4_15_Letter_to_Shareholders_-_COMBINED,Q4_15_Letter_to_Shareholders_-_COMBINED,0.444978173,0.548073816,0.736705756,0.570595832,FINAL-Q4-15-Shareholder-Letter,-0.384615385,-0.411764706,0.090909091,-0.285714286
FINAL-Q4-16-Shareholder-Letter,Q416ShareholderLetter,Q416ShareholderLetter,0.861534889,0.799919804,0.3825501,0.854697108,FINAL-Q4-16-Shareholder-Letter,-0.538461538,-0.176470588,0.454545455,-0.071428571
FINAL-Q4-17-Shareholder-Letter,COMBINED-Q4-17-Shareholder-Letter-FINAL,COMBINED-Q4-17-Shareholder-Letter-FINAL,0.692914669,0.420656342,0.08859574,0.436936085,FINAL-Q4-17-Shareholder-Letter,-0.538461538,-0.058823529,1,0.214285714
FINAL-Q4-18-Shareholder-Letter,FINAL-Q4-18-Shareholder-Letter,FINAL-Q4-18-Shareholder-Letter,0.689884876,0.37386996,0.090683335,0.403419153,FINAL-Q4-18-Shareholder-Letter,-0.692307692,-0.294117647,0.454545455,-0.214285714
FINAL-Q4-19-Shareholder-Letter,FINAL-Q4-19-Shareholder-Letter,FINAL-Q4-19-Shareholder-Letter,0.609901177,0.60911197,0.480834367,0.627168011,FINAL-Q4-19-Shareholder-Letter,-0.692307692,-0.058823529,-0.454545455,-0.428571429
FINAL-Q4-20-Shareholder-Letter,FINAL-Q4-20-Shareholder-Letter,FINAL-Q420-Shareholder-Letter,,,,0.822177949,FINAL-Q4-20-Shareholder-Letter,,,,
FINAL-Q4-21-Shareholder-Letter,FINAL-Q4-21-Shareholder-Letter,FINAL-Q4-21-Shareholder-Letter,0.768195486,0.674565917,-0.143341231,0.591458616,FINAL-Q4-21-Shareholder-Letter,-0.692307692,-0.176470588,-0.090909091,-0.357142857
FINAL-Q4-22-Shareholder-Letter,FINAL-Q4-22-Shareholder-Letter,FINAL-Q4-22-Shareholder-Letter,1,0.53519036,0.735628358,0.824191304,FINAL-Q4-22-Shareholder-Letter,-0.076923077,1,0.818181818,1
